<!--  
这个为菜单列表，注意编辑的格式!例如：
<phone id="手机概览,overview">手机外观</phone>
1、手机概览：一级标题名称
2、overview：这个为assets下的各个模块文件夹的名称，记住这个值一定要与文件夹的名称对应，不然链接会出错
3、手机外观：二级标题名称
4、手机概览与overview之间的逗号为英文状态下的，请注意
5、各个模块文件夹的html文件一定要按照顺序来命名，即XXX_1到XXX_n来命名，中间不能有断续
-->
<phones>
<phone id="手机概览与快速入门,overview">手机外观简介</phone>
<phone id="手机概览与快速入门,overview">安装与准备</phone>
<phone id="手机概览与快速入门,overview">基本操作手势</phone>
<phone id="手机概览与快速入门,overview">屏幕锁定和解锁</phone>
<phone id="手机概览与快速入门,overview">状态栏图标和通知</phone>
<phone id="手机概览与快速入门,overview">快捷开关</phone>
<phone id="手机概览与快速入门,overview">剪贴板</phone>

<phone id="桌面与i主题,desktop">桌面编辑</phone>
<phone id="桌面与i主题,desktop">场景桌面</phone>
<phone id="桌面与i主题,desktop">i主题</phone>

<phone id="设置,settings">离线模式</phone>
<phone id="设置,settings">Wi-Fi</phone>
<phone id="设置,settings">个人热点</phone>
<phone id="设置,settings">移动网络</phone>
<phone id="设置,settings">声音</phone>
<phone id="设置,settings">显示与亮度</phone>
<phone id="设置,settings">状态栏与通知</phone>
<phone id="设置,settings">系统升级</phone>
<phone id="设置,settings">帐户与同步</phone>
<phone id="设置,settings">安全</phone>
<phone id="设置,settings">定位服务</phone>
<phone id="设置,settings">语言与输入法</phone>
<phone id="设置,settings">关于手机</phone>
<phone id="设置,settings">全局搜索</phone>
<phone id="设置,settings">蓝牙</phone>
<phone id="设置,settings">媒体共享</phone>
<phone id="设置,settings">自动锁屏</phone>
<phone id="设置,settings">日期与时间</phone>
<phone id="设置,settings">定时任务</phone>
<phone id="设置,settings">存储</phone>
<phone id="设置,settings">应用程序</phone>
<phone id="设置,settings">备份与重置</phone>
<phone id="设置,settings">售后服务</phone>
<phone id="设置,settings">智能体感</phone>
<phone id="设置,settings">多屏互动</phone>
<phone id="设置,settings">应用分身</phone>
<phone id="设置,settings">单手操作</phone>
<phone id="设置,settings">快捷启动</phone>
<phone id="设置,settings">开发者选项</phone>

<phone id="电话与联系人,contact">通话</phone>
<phone id="电话与联系人,contact">通话设置</phone>
<phone id="电话与联系人,contact">联系人</phone>
<phone id="电话与联系人,contact">更多操作</phone>
<phone id="电话与联系人,contact">联系人设置</phone>

<phone id="信息与邮件,message">信息</phone>
<phone id="信息与邮件,message">电子邮件</phone>

<phone id="小工具,tools">计算器</phone>
<phone id="小工具,tools">便签</phone>
<phone id="小工具,tools">录音机</phone>
<phone id="小工具,tools">收音机</phone>

<phone id="多媒体,multimedia">i音乐</phone>
<phone id="多媒体,multimedia">音乐设置</phone>
<phone id="多媒体,multimedia">视频</phone>
<phone id="多媒体,multimedia">相机</phone>
<phone id="多媒体,multimedia">相册</phone>
<phone id="多媒体,multimedia">文件管理</phone>

<phone id="网络应用,network">浏览器</phone>
<phone id="网络应用,network">vivoCloud</phone>

<phone id="更多应用,more">i管家</phone>
<phone id="更多应用,more">闹钟时钟</phone>
<phone id="更多应用,more">日历</phone>
<phone id="更多应用,more">如何截屏</phone>
<phone id="更多应用,more">USB连接说明</phone>

<phone id="手机维护与保养,maintain">关于维护与保养</phone>
<phone id="手机维护与保养,maintain">手机及配件</phone>
<phone id="手机维护与保养,maintain">帮助</phone>
<phone id="手机维护与保养,maintain">支持的文件格式</phone>
</phones>
