<!--  
这个为菜单列表，注意编辑的格式!例如：
<phone id="手机概览,overview">手机外观</phone>
1、手机概览：一级标题名称
2、overview：这个为assets下的各个模块文件夹的名称，记住这个值一定要与文件夹的名称对应，不然链接会出错
3、手机外观：二级标题名称
4、手机概览与overview之间的逗号为英文状态下的，请注意
5、各个模块文件夹的html文件一定要按照顺序来命名，即XXX_1到XXX_n来命名，中间不能有断续
-->
<phones>
<phone id="Overview and Quick start guide,overview">Introduction to phone exterior</phone>
<phone id="Overview and Quick start guide,overview">Installation and Preparation</phone>
<phone id="Overview and Quick start guide,overview">Basic operation gestures</phone>
<phone id="Overview and Quick start guide,overview">Screen lock and unlock</phone>
<phone id="Overview and Quick start guide,overview">Status bar icons and notifications</phone>
<phone id="Overview and Quick start guide,overview">Quick switches</phone>
<phone id="Overview and Quick start guide,overview">Clipboard</phone>

<phone id="Launcher and i Theme,desktop">Home screen editing</phone>
<phone id="Launcher and i Theme,desktop">Scene</phone>
<phone id="Launcher and i Theme,desktop">i Theme</phone>

<phone id="Settings,settings">Offline mode</phone>
<phone id="Settings,settings">Wi-Fi</phone>
<phone id="Settings,settings">Personal Hotspot</phone>
<phone id="Settings,settings">Mobile network</phone>
<phone id="Settings,settings">Sounds</phone>
<phone id="Settings,settings">Display and Brightness</phone>
<phone id="Settings,settings">Status bar and notification</phone>
<phone id="Settings,settings">System update</phone>
<phone id="Settings,settings">Accounts &amp; Sync</phone>
<phone id="Settings,settings">Security</phone>
<phone id="Settings,settings">Location</phone>
<phone id="Settings,settings">Language &amp; Input</phone>
<phone id="Settings,settings">About phone</phone>
<phone id="Settings,settings">Search</phone>
<phone id="Settings,settings">Bluetooth</phone>
<phone id="Settings,settings">DLNA</phone>
<phone id="Settings,settings">Auto-lock</phone>
<phone id="Settings,settings">Date &amp; Time</phone>
<phone id="Settings,settings">Task timer</phone>
<phone id="Settings,settings">Storage</phone>
<phone id="Settings,settings">Applications</phone>
<phone id="Settings,settings">Backup &amp; Reset</phone>
<phone id="Settings,settings">After-sales service</phone>
<phone id="Settings,settings">Smart motion</phone>
<phone id="Settings,settings">Wi-Fi Display</phone>
<phone id="Settings,settings">APP clone</phone>
<phone id="Settings,settings">One-handed</phone>
<phone id="Settings,settings">Smart click</phone>
<phone id="Settings,settings">Developer options</phone>

<phone id="Phone and Contacts,contact">Calling</phone>
<phone id="Phone and Contacts,contact">Call Settings</phone>
<phone id="Phone and Contacts,contact">Contacts</phone>
<phone id="Phone and Contacts,contact">More operations</phone>
<phone id="Phone and Contacts,contact">Contact settings</phone>

<phone id="Messages and Email,message">Messages</phone>
<phone id="Messages and Email,message">Email</phone>

<phone id="Tools,tools">Calculator</phone>
<phone id="Tools,tools">Notes</phone>
<phone id="Tools,tools">Recorder</phone>
<phone id="Tools,tools">FM Radio</phone>

<phone id="Multimedia,multimedia">i Music</phone>
<phone id="Multimedia,multimedia">Music Settings</phone>
<phone id="Multimedia,multimedia">Video</phone>
<phone id="Multimedia,multimedia">Camera</phone>
<phone id="Multimedia,multimedia">Albums</phone>
<phone id="Multimedia,multimedia">File Manager</phone>

<phone id="Network application,network">Browser</phone>
<phone id="Network application,network">vivoCloud</phone>

<phone id="More applications,more">i Manager</phone>
<phone id="More applications,more">Clock</phone>
<phone id="More applications,more">Calendar</phone>
<phone id="More applications,more">How to take a screenshot</phone>
<phone id="More applications,more">Instructions on USB connecting</phone>

<phone id="Maintenance and servicing,maintain">About maintenance</phone>
<phone id="Maintenance and servicing,maintain">Phone and accessories</phone>
<phone id="Maintenance and servicing,maintain">Help</phone>
<phone id="Maintenance and servicing,maintain">Supported file formats</phone>
</phones>
